timestamp,Open,High,Low,Close,Volume
2022-06-21,172.0555386264183,178.04240731223857,170.983265876444,177.9977264404297,36660
2022-06-22,180.74987031568799,187.39350711924337,177.95301457082957,184.5207061767578,179480
2022-06-23,181.08051879276343,184.7441321884655,176.7958862628138,177.3722381591797,104360
2022-06-24,174.6021553628075,177.95301566507237,172.9043915968675,174.24473571777344,69200
2022-06-27,174.6915722731134,180.94651347982332,174.5575432725598,177.8637237548828,103660
2022-06-28,176.56801292142546,183.5601390327149,175.33936408403738,183.4037628173828,168900
2022-06-29,184.16331402082903,186.44188844469352,182.56382883889827,183.18038940429688,198140
2022-06-30,192.56280904438665,196.89659465540933,192.11602758488692,196.04769897460938,300420
2022-07-01,191.22250310945319,191.80331366969435,186.97807839090223,190.2395782470703,231660
2022-07-05,190.37359704312337,191.08845015942023,178.7125973397658,179.52127075195312,217080
2022-07-06,181.97406916884935,183.00167462840517,179.1593516418178,180.67840576171875,81080
2022-07-07,179.7402019838201,180.05295450507467,166.33675623902545,166.60482788085938,124280
2022-07-08,170.49181385679586,171.78747740940895,164.54961204907727,167.2303009033203,78620
2022-07-11,177.0148184479986,179.07000223932184,175.51809784238785,177.3722381591797,133760
2022-07-12,182.73361162076776,187.91627912716962,181.2324325051592,187.46949768066406,203760
2022-07-13,190.23960210811848,191.4012370089912,180.99123105799623,184.2527313232422,176560
2022-07-14,183.62722714683906,184.4269699830268,172.4576877826761,174.60223388671875,117140
2022-07-15,171.74278262847986,174.69154285631683,169.77694702148438,169.77694702148438,85380
2022-07-18,161.42211814968826,168.29809060150316,157.1776947502035,166.5601043701172,160880
2022-07-19,161.24337460980294,163.2092096780495,150.3419131998141,152.39710998535156,201060
2022-07-20,149.4930242441371,152.38815831361077,146.94636540518306,150.69932556152344,206000
2022-07-21,157.17768617874768,159.2328832817794,153.4694061279297,153.4694061279297,198620
2022-07-22,151.19084210281693,158.19637206610219,149.93985947890457,158.07127380371094,144320
2022-07-25,162.36041420157267,164.90707451646313,161.77960363451604,162.9412384033203,126600
2022-07-26,169.9556680157881,171.47472228287057,168.92807609135568,170.22373962402344,125960
2022-07-27,167.00697380954674,167.05165470108244,152.14702553619068,154.27369689941406,129640
2022-07-28,152.17373616421511,154.8499521865806,145.49434928084216,147.43785095214844,172860
2022-07-29,148.46549823346328,149.62713294832514,144.7125360763398,146.72305297851562,115440
2022-08-01,151.9056904368157,153.64813533547695,149.44839250327897,153.02264404296875,131780
2022-08-02,154.13963529894866,154.89916939052998,149.8192516957982,153.33543395996094,72000
2022-08-03,150.83344444766615,151.28022596935077,148.91227572360827,149.53778076171875,81660
2022-08-04,152.97796095218163,156.59689331054688,151.6376166442454,156.59689331054688,68040
2022-08-05,152.2631457257812,154.1843145582169,149.80584721789353,152.75460815429688,61900
2022-08-08,145.06997676194396,147.01346562379413,143.77429934112246,146.23159790039062,77260
2022-08-09,150.11857994531113,152.84394974863702,150.06049617032969,151.63763427734375,71600
2022-08-10,144.17639620099015,148.59058598919438,143.9708668930201,147.83999633789062,86520
2022-08-11,141.2722613115875,144.9805408786469,139.57448408504868,144.04229736328125,113960
2022-08-12,146.41028882109433,147.03578013356505,143.63576615788634,143.90830993652344,94400
2022-08-15,144.7125161569261,145.65075997573203,143.72960509863915,145.6060791015625,39180
2022-08-16,146.00820188699342,147.46024189267834,145.11463880657195,145.91885375976562,58380
2022-08-17,148.06336455765575,150.34195259887028,147.52723501746175,150.29727172851562,107260
2022-08-18,148.510185495792,150.29731170785857,148.385087206335,149.58245849609375,70620
2022-08-19,161.46682919246166,164.10283727992467,160.75197607517785,163.2092742919922,128800
2022-08-22,164.05816870383498,165.71125203725046,161.33279888587117,164.99639892578125,131360
2022-08-23,161.73489787174472,162.22636023309943,159.56800493851424,160.70730590820312,73440
2022-08-24,161.73494568725928,162.22640819391052,158.25898524522466,159.50103759765625,52320
2022-08-25,160.48391516528636,162.092317606536,159.32228057518134,160.70730590820312,40300
2022-08-26,159.09889247550961,169.44188131745537,158.78613997635455,168.92808532714844,275520
2022-08-29,173.48526630377162,173.7980188352434,169.59827509161263,172.23428344726562,191560
2022-08-30,169.8216135882816,177.77431708818744,169.06207975118082,174.1107177734375,206120
2022-08-31,170.35773112641067,174.64683501036515,169.1961104708001,171.2959747314453,122100
2022-09-01,173.4851948201678,177.7296176957882,172.8731065449174,174.73619079589844,156800
2022-09-02,169.5088611530786,175.8084816467745,168.61529834928305,174.1107177734375,112460
2022-09-06,174.46813508615992,184.3420066617633,174.1107154233406,183.9845733642578,209500
2022-09-07,183.13572823748763,183.58250972312908,179.24873749322046,181.34860229492188,167900
2022-09-08,180.54439142407944,180.90181113961202,177.59563104952701,177.7296600341797,102060
2022-09-09,162.4497797267619,162.49446061019077,157.5798633962247,158.56277465820312,229840
2022-09-12,151.0567871382499,153.42472299576266,149.9398336894824,150.34193420410156,156080
2022-09-13,157.89256994701992,166.47971040976307,156.90965888651243,165.08575439453125,247020
2022-09-14,164.59428270823744,170.581151384208,164.32621111251296,167.7664337158203,153780
2022-09-15,167.4537092018626,171.63111916474287,165.87211242897465,169.3748779296875,164860
2022-09-16,169.7769540517118,173.21717673242435,169.19614361014695,170.67051696777344,162620
2022-09-19,178.0871106691274,178.26582054423886,171.2513454599256,171.43006896972656,217360
2022-09-20,177.32753266284627,178.4891670149118,173.59690529366995,176.12123107910156,127260
2022-09-21,173.26184043204555,179.24872275514215,166.426089717652,176.03189086914062,219380
2022-09-22,175.18298523292523,178.13174512522718,171.45235791041293,172.99375915527344,157380
2022-09-23,176.12125050834803,180.56671769103625,175.73701137684208,178.2211151123047,223440
2022-09-26,175.04894394964384,176.10782730192852,172.94907958784052,173.75328063964844,113860
2022-09-27,165.21975817913633,177.19350801858718,163.2092418558574,174.8702392578125,234920
2022-09-28,174.2894401881188,175.2276839267673,169.15145369541543,170.00033569335938,155780
2022-09-29,172.77041878446875,176.83611969804704,169.59826727385556,171.74281311035156,130540
2022-09-30,173.03842936522176,173.30650092998874,164.41555386890633,170.98324584960938,135720
2022-10-03,173.1725374987865,174.51288219516303,168.7494027276822,170.13441467285156,114660
2022-10-04,165.75592260655623,166.7835145165491,163.13778978065557,163.5666961669922,91780
2022-10-05,166.47077751582674,167.855802792001,162.62845416842623,164.72833251953125,93920
2022-10-06,164.9963775340068,166.96222674434713,162.99480544302355,165.6665496826172,80360
2022-10-07,169.28549590300423,171.87683660441283,168.86106168820245,170.80455017089844,121060
2022-10-10,171.3854028535849,174.11077299650987,171.20669296308128,173.3959197998047,95260
2022-10-11,174.06610364466545,176.52340229725144,173.17254049827056,175.4064483642578,129180
2022-10-12,174.42345791151592,174.7049323784198,173.21715629795324,173.48521423339844,113180
2022-10-13,181.97406730134145,182.33150061891808,169.64291099071642,170.84921264648438,286980
2022-10-14,167.90045628589314,173.57458591245313,167.54303659503196,173.1724853515625,169020
2022-10-17,168.92807805690498,170.4918132160028,168.14621047735608,169.41954040527344,113160
2022-10-18,168.12383505203772,173.70860254160428,167.98980608616262,172.54698181152344,147760
2022-10-19,172.9044457040383,173.6639797307743,171.51942028541424,172.25660705566406,72780
2022-10-20,172.9044348971161,174.78092259018516,171.02794720404702,173.88735961914062,195660
2022-10-21,174.82555809666553,175.45106297060622,171.87681173522589,172.32359313964844,308880
2022-10-24,171.11734638966993,172.90447272272132,170.2684641084089,171.02798461914062,67960
2022-10-25,170.84917728651243,170.84917728651243,161.19869786425525,162.22630310058594,144460
2022-10-26,161.0647418443318,162.002985785897,156.4226751949298,158.51808166503906,134000
2022-10-27,158.6520965837705,160.70729399316775,158.4599838314309,159.277587890625,85680
2022-10-28,161.8242498213619,161.8242498213619,158.47338888056632,159.635009765625,126040
2022-10-31,159.14353359093758,162.96350895001075,158.85311478512867,161.779541015625,67600
2022-11-01,160.34988986049882,162.0029869905341,160.34988986049882,161.0647430419922,21880
2022-11-02,161.3774820738847,165.8006161646049,157.93725909516385,162.8071746826172,153660
2022-11-03,163.5220177035513,164.03581366611934,161.69021095315856,162.53909301757812,74760
2022-11-04,157.26705609564246,158.9201527641588,153.60344308499435,155.3459014892578,164200
2022-11-07,158.20531642142956,159.1882274445927,157.24473901720884,158.07127380371094,81280
2022-11-08,167.58774009329457,188.095007814546,159.10782248095833,178.5785675048828,1442800
2022-11-09,186.03978423841417,203.7770124168915,182.73360439200002,202.52601623535156,1321360
2022-11-10,188.7204812911462,195.46688389657112,173.55225928158495,176.03189086914062,550560
2022-11-11,194.61805893683763,196.31582348662855,186.71001951850909,192.8309326171875,364540
2022-11-14,190.10551923888423,194.6850293968127,188.49710318818626,193.1883087158203,227980
2022-11-15,184.11860969801123,187.95198794483497,181.92938365970141,184.0739288330078,233280
2022-11-16,189.61402585776474,191.8926137538396,188.273681640625,188.273681640625,172860
2022-11-17,189.65867757625512,189.70335843689665,185.012154397908,186.0844268798828,109100
2022-11-18,184.6994120540626,187.85815955111286,184.6994120540626,186.35250854492188,88180
2022-11-21,190.90976448491764,198.23699333555953,189.2119999276373,195.95840454101562,249960
2022-11-22,192.25005378800282,193.7646494584489,189.88211754078117,192.74151611328125,190200
2022-11-23,188.98857533756234,190.77570134548253,183.67187819093758,184.2080078125,183880
2022-11-25,185.32491124498893,185.7940398754961,183.58246658734177,184.0739288330078,32460
2022-11-28,188.40777949453886,190.99910695371898,186.4419298251576,187.5588836669922,205060
2022-11-29,185.59307613932012,186.5313202375132,184.03828487887296,184.2527313232422,58200
2022-11-30,179.69548983484825,180.76776249954278,174.11072217009894,174.8255615234375,227160
2022-12-01,176.47867524653898,178.08709121622985,174.91494014941776,177.3722381591797,76580
2022-12-02,177.77429272103194,177.77429272103194,175.50017733324293,175.98716735839844,43080
2022-12-05,174.28941687004956,178.08705855222453,173.57456394411483,177.59559631347656,86860
2022-12-06,176.1659177983999,177.68498561474175,175.7236085322335,176.25527954101562,76380
2022-12-07,177.46158968208496,179.0253246891311,177.02373897162462,178.4891815185547,66020
2022-12-08,177.72967803995562,178.22114042461905,172.27447965691536,173.57461547851562,59560
2022-12-09,174.5574890687676,175.2276611328125,173.4405356286928,175.2276611328125,38100
2022-12-12,175.67443841248246,175.94249632410143,174.17771811074547,174.28941345214844,47860
2022-12-13,165.8005617298334,169.46416061941798,165.71120000594985,167.8557586669922,98300
2022-12-14,166.02397772745888,168.52595639627708,160.84131054948264,167.31964111328125,147180
2022-12-15,170.0003114838667,172.14485660850127,169.7858515175291,171.2959747314453,78380
2022-12-16,175.00434029386278,178.22115930438824,174.57989236335123,177.0595245361328,124080
2022-12-19,178.57852706516016,181.16985367369622,178.04238394320086,180.2762908935547,72760
2022-12-20,177.72963319076115,178.17195604268503,174.2447437692506,176.12123107910156,70760
2022-12-21,176.5680135485141,178.13174843801625,176.2999419833765,177.68496704101562,32560
2022-12-22,177.66707820555098,180.48365058367713,177.05906454796298,177.80120849609375,47260
2022-12-23,177.4436254066812,177.80129270725615,176.19182396370007,176.99655151367188,33600
2022-12-27,176.9964806308571,180.03659007199764,176.951770530739,179.0977325439453,57600
2022-12-28,179.32123431328168,180.70716528411708,177.80118671194145,179.50006103515625,65620
2022-12-29,177.9800711729078,179.9024829330227,177.9800711729078,179.85777282714844,38580
2022-12-30,180.7071975357266,182.71902921398558,177.62237804751078,177.890625,59880
2023-01-03,175.69996238477302,177.98004096123563,175.35124544792154,177.0411834716797,45860
2023-01-04,175.29759031891413,176.01291092609566,172.7939750155817,175.34230041503906,59900
2023-01-05,175.20811090070936,176.01285142811267,174.17984725545097,174.671630859375,43080
2023-01-06,175.83410472303217,176.54942546926915,172.07868785979863,173.6881561279297,60740
2023-01-09,170.5139275698028,171.0906565344418,168.367979001465,170.6033477783203,99160
2023-01-10,169.75391636646043,170.41557681586593,167.47829886488617,167.6526641845703,46120
2023-01-11,168.63620700720924,169.57505087295618,166.71378188927426,166.89260864257812,42260
2023-01-12,161.34891527585305,163.5395739442564,152.27332351663557,152.40744018554688,290540
2023-01-13,153.30158285812075,153.65925003661403,148.9649757623013,149.05438232421875,158180
2023-01-17,135.28452401206263,137.3410660596983,134.16683959960938,134.16683959960938,280780
2023-01-18,134.2562168749613,140.64937850552482,133.31737308822056,138.63307189941406,351960
2023-01-19,138.41405316633941,138.62863986146422,135.46336331588532,136.08926391601562,167440
2023-01-20,136.3574967902274,136.67045387964833,127.72897868028915,128.2207489013672,215880
2023-01-23,125.58299796575983,127.19246599352039,123.48175978928906,124.06295013427734,194960
2023-01-24,125.22541621117128,125.81108199459113,124.15244145914484,124.33126831054688,163180
2023-01-25,126.96893018277947,128.08661442734618,124.95709854255936,125.13592529296875,138260
2023-01-26,123.52648272852224,125.27008142453626,123.25824936939023,123.97355651855469,104960
2023-01-27,125.09120276606134,125.40415978088886,121.72921380413251,124.15235900878906,91460
2023-01-30,123.97354578228078,127.2461289163745,123.1241083835034,126.56658172607422,151420
2023-01-31,124.33126629438009,124.42067289682417,123.52652501069934,124.19713592529297,79420
2023-02-01,124.39389463023113,126.09362591660431,121.03915105147887,121.4864501953125,135300
2023-02-02,119.87617802729932,121.83087322374111,118.69083795227613,120.18929290771484,136760
2023-02-03,123.27563311023633,123.63346692545635,120.90493972032723,122.91778564453125,124360
2023-02-06,126.0935708579249,126.40668558208172,124.12545821452939,124.88587188720703,124000
2023-02-07,125.24379138051387,126.45150482902196,123.00729510586183,123.90189361572266,95660
2023-02-08,124.93064133705165,127.07768534770416,124.48334220780981,126.04888916015625,95260
2023-02-09,126.36201357271891,131.99798575774116,125.91471440962964,131.05865478515625,191420
2023-02-10,131.86380309444186,133.51881564979394,131.14813527098136,132.3558349609375,156080
2023-02-13,133.4293948704098,134.6371086138543,132.55716930058279,132.57952880859375,112340
2023-02-14,133.2950999911264,133.47401685833353,128.7326447996937,128.9115753173828,130200
2023-02-15,126.7198858248402,126.94353547412548,116.88377861743103,117.86336517333984,180880
2023-02-16,116.92398513401285,117.32208789588273,112.62544039514967,115.89520263671875,452340
2023-02-17,119.24997265816037,120.05510577962475,113.97184059111925,114.8664321899414,213580
2023-02-21,115.85048372352851,117.55021509016532,115.13480232950194,116.6556167602539,172040
2023-02-22,118.9815553758498,120.86021697355706,118.4000720315752,119.8314208984375,205960
2023-02-23,118.48952801682185,120.14454013524013,118.31061110819194,118.98155975341797,121980
2023-02-24,120.27874022143293,124.97538135565036,119.60779148797329,123.27565002441406,229520
2023-02-27,119.92088985715884,123.62452581025198,119.38412548404996,122.55995178222656,99420
2023-02-28,122.1126208696209,123.32033356918338,120.86018919268918,122.7835693359375,102500
2023-03-01,120.48837428282171,122.72544037536551,119.45932934183871,122.00959014892578,136520
2023-03-02,122.6807589137711,123.28475607651679,121.29377465233544,121.7411880493164,153120
2023-03-03,127.69175398363102,128.63132465100637,127.33382880271203,128.45236206054688,202980
2023-03-06,127.51278417093769,128.27339220477327,126.48373909360221,127.96019744873047,104040
2023-03-07,128.27337126159014,130.59991173387664,127.42327524940328,130.01828002929688,195520
2023-03-08,130.19724757160358,130.64466079349913,128.6805101954731,129.61561584472656,139300
2023-03-09,131.74977712223713,142.20582233999613,131.45000424416133,141.38258361816406,404420
2023-03-10,142.23263239329543,144.5144421046888,140.04031077017834,142.14315795898438,396460
2023-03-13,124.38090381969091,125.82605376870899,109.39255749609507,110.46634674072266,674800
2023-03-14,103.2361341110025,110.87795311797643,102.36815132757216,106.97650909423828,623280
2023-03-15,107.20021137746967,112.21123812911281,106.80648555506735,109.7504653930664,348900
2023-03-16,108.72139749526978,109.0703792126762,106.41722246021673,107.37915802001953,255420
2023-03-17,100.26529710602152,102.36813770208657,98.83356945790769,98.92305755615234,371280
2023-03-20,94.58316218570899,96.8202285271589,94.3147183209258,95.79118347167969,455260
2023-03-21,94.76210669067056,95.92537678638693,93.24984805655811,94.4041748046875,348560
2023-03-22,93.82253957770747,99.773136052991,92.07763096048878,99.68365478515625,920060
2023-03-23,96.9991962364447,97.39739376518835,91.71971839743911,92.88299560546875,937940
2023-03-24,94.72184871058802,96.05960976885194,93.68831851518549,95.07530212402344,513640
2023-03-27,95.25428775321518,99.81790882277363,95.16480645963239,98.29669952392578,760160
2023-03-28,98.60987912702142,99.10203644059015,96.28333155566405,96.59651947021484,313400
2023-03-29,93.28567647115946,94.14023754397608,92.4355939007776,93.15145111083984,414680
2023-03-30,92.61454478786746,95.52273097685847,92.48031944451711,94.58316040039062,342920
2023-03-31,93.41988779588445,93.50936908032521,92.07764804831997,92.83824920654297,339920
2023-04-03,93.91255366537385,94.98686039712615,93.25006474180243,94.44970703125,190740
2023-04-04,93.7782719897591,94.94211007830575,93.63950809779746,94.0468521118164,281100
2023-04-05,93.06205816483207,95.43449302176649,92.9725337387786,94.09160614013672,305140
2023-04-06,95.12118393520139,95.8821520406274,94.18116009125995,94.89736938476562,151160
2023-04-10,93.95729601498753,94.36016609158186,89.66006300990239,90.5553207397461,332460
2023-04-11,87.73528543224076,88.22319941093939,86.43716404316008,87.86957550048828,512000
2023-04-12,87.69050812478324,89.27959225521802,87.35478641399881,88.9438705444336,394060
2023-04-13,87.28763830829003,87.55621838904099,86.1238003987361,87.01905822753906,287480
2023-04-14,86.34760483061561,88.45146594825559,85.94474158653846,87.28762817382812,293000
2023-04-17,90.42105693101226,90.64487142836626,89.57951223527282,89.88390350341797,277640
2023-04-18,87.4219414349576,88.54101388847657,86.92954682329876,87.60099029541016,204520
2023-04-19,90.60010893961966,90.95821351386365,89.77199936884938,90.6448745727539,233540
2023-04-20,92.21156448084399,94.6287580992024,91.76393552705349,94.27066040039062,381640
2023-04-21,93.91253461708833,97.29660764901953,93.53204736036767,97.04593658447266,358580
2023-04-24,96.59833049680172,98.07550742417044,95.41210966000564,96.6430892944336,294020
2023-04-25,96.64308975017703,97.31453319030408,95.16591964611821,95.92688751220703,209700
2023-04-26,88.09337505681714,95.38972800396684,87.78898383175216,94.7182846069336,851740
2023-04-27,91.36105897034874,91.62963220556428,87.95907668208686,88.58575439453125,509560
2023-04-28,89.83913787183661,91.18202485596055,89.61532337448261,89.88390350341797,221640
2023-05-01,92.34491295488552,94.8776711809364,92.25525906762014,94.7656021118164,377860
2023-05-02,94.0932055349188,94.54148189638131,90.86561710041963,91.627685546875,451520
2023-05-03,93.19664265270383,93.6897493326212,91.53802166412835,92.92768096923828,389560
2023-05-04,91.31389037040857,91.94148135930138,90.75354493755118,91.08975219726562,411760
2023-05-05,90.64151879292368,90.82083352048195,88.35531244785459,88.71392822265625,223660
2023-05-08,93.95872478608923,96.06562224265348,93.60010234153157,95.84148406982422,436240
2023-05-09,94.63115029550664,95.84149520132928,94.31735134497616,94.45183563232422,156200
2023-05-10,93.01735164571362,97.99322234932943,92.30010668009434,94.54148864746094,415380
2023-05-11,95.79665356078226,98.03803528583637,95.26320361579471,97.67941284179688,346180
2023-05-12,99.02423853963947,101.40010445615924,98.44148478288797,99.0690689086914,455880
2023-05-15,95.39320378186076,96.11044180118067,94.36664716224078,95.34837341308594,191940
2023-05-16,96.55871889426153,97.27596375942488,96.28975719994077,97.1414794921875,109180
2023-05-17,97.99319996214548,98.59836885098673,95.07940407024454,95.39319610595703,177940
2023-05-18,96.11043803933966,99.15871831256035,95.39320004809304,97.7690658569336,351100
2023-05-19,96.96218508624244,98.08287606772895,96.06563230105326,97.36563110351562,155760
2023-05-22,97.58976929981291,97.63459967513434,96.33459403251706,97.36563110351562,129760
2023-05-23,95.88632682436311,96.46908755858661,95.41564203917832,96.24494934082031,89460
2023-05-24,97.90355735544973,100.41390778616574,97.90355735544973,99.74149322509766,257360
2023-05-25,99.29320702677224,100.32424395309458,98.5759621632035,99.11389923095703,155340
2023-05-26,99.0242340516536,99.0242340516536,97.05182102553331,97.7690658569336,143560
2023-05-30,93.10700619621952,94.85528824687282,93.01735228493972,93.55528259277344,141760
2023-05-31,96.02079129108671,97.36562031992588,95.88630702017196,96.87252044677734,131640
2023-06-01,97.30420580265924,98.11357674689984,96.1800813970781,97.48406982421875,93400
2023-06-02,96.53977065317017,97.4840375860315,95.59551058141743,95.8203353881836,94860
2023-06-05,97.88873127183187,102.69998134330027,97.48404931540449,101.84564971923828,605380
2023-06-06,102.34025677994441,102.56508159109447,95.05592740979594,95.55054473876953,400500
2023-06-07,96.89950590854424,98.74307233848708,96.40488851677141,97.77632141113281,106120
2023-06-08,98.20345795672769,98.65310750206272,96.53975601120959,97.6458969116211,93500
2023-06-09,96.94448494729392,98.38336271722916,96.94448494729392,98.2934341430664,72320
2023-06-12,100.45172882080078,101.21613871282558,99.99758514540662,100.45172882080078,91800
2023-06-13,99.28265309389344,101.0812518569672,99.28265309389344,100.31684875488281,75580
2023-06-14,99.95711832367142,100.94634617903928,99.60189125881581,100.45172882080078,92620
2023-06-15,103.77914964567853,104.45362417951814,101.84565460978298,102.16040802001953,197080
2023-06-16,101.48593531071701,103.48687509152596,97.6639128835793,98.24845886230469,271320
2023-06-20,96.3149480448925,97.34914355184517,91.23390592377537,91.72852325439453,321200
2023-06-21,88.3111913625846,88.43259869310916,82.86143962444721,85.11868286132812,483160
2023-06-22,84.39925101996754,86.51260333044816,84.06201373017456,84.75897216796875,524520
2023-06-23,84.89385427683708,85.47840018706736,81.20672856315929,82.78050231933594,384980
2023-06-26,84.12946530479928,85.63578774920845,83.49995158051959,84.75897216796875,348120
2023-06-27,83.81467611219118,84.30929337778399,82.51069511905793,83.63481903076172,182300
2023-06-28,84.9838085325538,85.88310809374484,84.12947669386676,85.20863342285156,356620
2023-06-29,83.32007243704179,84.24185549130817,83.14020847997777,83.7247543334961,198320
2023-06-30,82.46574848933945,87.59175895314333,82.42978255275003,84.71399688720703,963200
2023-07-03,83.9520283675443,84.0872908010798,82.23872026213867,82.68959045410156,105480
2023-07-05,85.07919741555737,85.16937007118636,83.99711178854417,84.53815460205078,120700
2023-07-06,84.08730452158511,86.20639339363531,84.04221474313827,84.89887237548828,333640
2023-07-07,85.21447576759358,85.7555186822347,84.58326018046795,85.43991088867188,115980
2023-07-10,85.57516616014651,85.57516616014651,83.4560775756836,83.4560775756836,72220
2023-07-11,84.94395124220456,85.25956591688274,83.72660295900026,84.40290832519531,63940
2023-07-12,84.17745946480542,85.53006997644043,83.59132686715036,85.25955200195312,147920
2023-07-13,84.4029191562796,84.67344408936655,80.4352591228348,81.15665435791016,382360
2023-07-14,82.59941305090376,85.84567687077228,82.01328045904616,85.34972381591797,193540
2023-07-17,85.16935058875937,86.7473957803543,84.8086600487511,86.07109069824219,196220
2023-07-18,86.56707758692863,87.28847265204632,85.62024742392832,86.61216735839844,120580
2023-07-19,86.11619908633489,86.56706923861937,85.48498362502964,85.71041870117188,98500
2023-07-20,85.21447366343365,87.19829992804337,84.98903854792192,86.70234680175781,258720
2023-07-21,86.2063741855267,86.65724435059717,85.66533136338869,86.38672637939453,175880
2023-07-24,88.28038523304862,89.45264360790772,88.14512279909825,88.64108276367188,127300
2023-07-25,88.59600244249616,88.59600244249616,87.7393517356582,88.37056732177734,48220
2023-07-26,88.37055644580398,88.50581887753499,87.51390584439605,87.784423828125,63640
2023-07-27,87.65820313740836,89.1190253900621,87.51392821848043,88.77635955810547,95200
2023-07-28,88.28038114105956,88.51032245230368,87.28846813762284,88.1451187133789,93840
2023-07-31,87.73936336908987,88.9116220244181,87.69427358707406,88.77635955810547,71880
2023-08-01,89.79310538122323,90.87767648492337,88.16625906890964,88.48258972167969,78940
2023-08-02,88.03068474867017,89.8292563282556,87.80473330264971,88.88929748535156,219240
2023-08-03,88.84411758662874,88.97968294738989,87.9403117389336,88.4374008178711,74060
2023-08-04,88.84412650505236,89.65754633323824,88.34703048072357,89.43159484863281,174720
2023-08-07,89.25083441419645,90.74211555819026,88.97968988056414,89.07007598876953,203080
2023-08-08,87.94031886677882,88.43740798600699,85.99713475763468,86.58460998535156,182200
2023-08-09,86.44904839624755,88.32444315567284,86.40385533642097,88.25666046142578,172820
2023-08-10,87.66918516114428,88.52779813390683,87.17208908502316,88.25666046142578,64800
2023-08-11,88.21146945422629,88.79894476817798,87.75956642741622,88.3922348022461,53080
2023-08-14,88.61817169189453,88.79893011459264,87.35284204653225,88.61817169189453,64740
2023-08-15,88.34702710380068,89.47678448364468,88.03069641654272,89.16045379638672,134700
2023-08-16,89.34121563388905,89.97388392807952,88.88931266467819,89.43159484863281,92900
2023-08-17,91.19400857480616,94.01840176099633,91.19400857480616,93.36314392089844,318960
2023-08-18,98.69558860964139,100.95510306403328,98.3340718133314,99.46382904052734,309500
2023-08-21,99.6897964529791,100.36765089786655,98.92155589904638,99.37345886230469,119320
2023-08-22,99.55420279552189,100.81953219988547,99.4728566939569,100.6839599609375,111080
2023-08-23,100.2772586064492,100.41283086616669,96.66203512327134,97.33988952636719,211700
2023-08-24,98.51485419617403,100.2320869786921,98.37928191680555,99.59941864013672,135720
2023-08-25,98.69562767960073,100.63881225871104,98.46967614471566,99.915771484375,179880
2023-08-28,99.37344846780921,100.0964958915883,98.96673860161552,99.87054443359375,102660
2023-08-29,99.68979660286993,99.73498276196851,91.19401950174137,92.54972839355469,1149940
2023-08-30,94.04099964395033,95.39670839290402,93.98225005827179,94.89961242675781,212660
2023-08-31,94.9448194715308,99.2830839703516,94.76405414106392,98.56004333496094,331820
2023-09-01,99.1853183278657,101.768038935407,99.00407793015803,100.63526916503906,236760
2023-09-05,100.13684853037844,100.77119684149025,99.59312041887145,100.49933624267578,114560
2023-09-06,100.5899564422806,102.03990037759192,98.86814499427676,100.49933624267578,148480
2023-09-07,100.72590368699166,100.95245767328095,99.27595955751603,99.68375396728516,138820
2023-09-08,99.68374459286629,100.2727862845998,99.36657042466466,99.59312438964844,121840
2023-09-11,100.63527004611356,103.48984436133054,100.22746877688395,103.26329040527344,312900
2023-09-12,98.55096024283533,99.39826973455139,96.42135466863918,98.7322006225586,400340
2023-09-13,98.46036529541016,98.68691928508488,97.23697513394248,98.46036529541016,200100
2023-09-14,96.28540722000284,96.87444874106518,95.65105906739805,96.42134094238281,179600
2023-09-15,97.28227408119018,98.1884899681391,97.10103366935182,97.37289428710938,89300
2023-09-18,94.06520230231217,96.64791593571935,93.70271460147588,95.96825408935547,187560
2023-09-19,94.5636004000707,95.60574976607815,93.29489712466494,94.65422058105469,159260
2023-09-20,95.06204835987856,96.03622767726694,94.15583246877176,95.56046295166016,161620
2023-09-21,96.96510225604234,97.62210740724446,96.28544032434111,96.7385482788086,120800
2023-09-22,96.78385099525403,97.14633178710938,96.33074309155691,97.14633178710938,54980
2023-09-25,98.50567363842305,98.777541196258,97.4182172348416,97.82601165771484,71020
2023-09-26,98.55097190812533,98.82283942376796,98.05255043407323,98.18848419189453,78220
2023-09-27,96.28542312022995,98.82282997741993,96.19480292830404,98.09785461425781,111320
2023-09-28,97.01040493569973,97.33664317943354,93.8839562522304,94.74486541748047,135580
2023-09-29,95.42454028451581,96.73855061870309,95.10735917761369,95.74171447753906,102280
2023-10-02,90.36089509138478,93.13075444604097,87.31859498408473,91.99556732177734,391120
2023-10-03,93.44863025247952,94.53840740950109,93.2669961072198,94.40218353271484,130120
2023-10-04,93.58485807037502,94.3567841664927,92.35885005630253,93.13078308105469,107860
2023-10-05,91.63230609501996,94.22053135370862,91.33715328540724,93.8118667602539,256100
2023-10-06,94.17515146313872,94.22056173422351,91.58692536990142,92.04100036621094,226640
2023-10-09,93.94809517898564,94.53839394187791,92.85831817721005,93.35780334472656,197940
2023-10-10,93.94810290942179,94.53840172088628,93.31240076085004,94.17514038085938,140820
2023-10-11,95.08330091274696,97.35367588132864,94.9924872997306,96.53634643554688,262300
2023-10-12,96.49091817545819,97.39906799358015,96.35469431701324,96.80876922607422,304660
2023-10-13,96.03685380211822,96.94500371986875,95.90062992872883,96.44551849365234,120000
2023-10-16,86.7283109304711,92.81291217194078,84.2308988356146,90.17928314208984,698880
2023-10-17,90.76960005791499,91.20551515612036,89.657117567044,89.9522705078125,87720
2023-10-18,90.58794018752558,91.3053793422512,90.36090274344656,91.0420150756836,82800
2023-10-19,89.90682129321272,90.27008256295218,88.54459672816404,89.08948516845703,122360
2023-10-20,86.90994436175458,87.45483985534021,86.09261497864416,86.77372741699219,190760
2023-10-23,83.82223939720188,84.44885812312805,81.3248271467056,81.55186462402344,610840
2023-10-24,73.65094084449811,76.69324101821985,73.33308982849121,75.37642669677734,875480
2023-10-25,73.8325865033476,74.28666143404806,72.19791398137252,73.10606384277344,594260
2023-10-26,74.10504107626059,75.33104223126503,73.87800356871774,75.05860137939453,341860
2023-10-27,74.6498938541398,76.32997614591787,74.42285645564347,75.69426727294922,316760
2023-10-30,73.46934122597584,74.89967479875409,73.02434963667696,73.87800598144531,220280
2023-10-31,74.1958445694978,74.6499195226248,73.4239185349087,73.60555267333984,112800
2023-11-01,73.03221826308838,74.8068301351928,72.94121377227233,73.44174194335938,260560
2023-11-02,72.4406818463307,74.26079951555106,72.21316713767816,72.75920104980469,276780
2023-11-03,73.9877780908498,74.2607915460148,73.07771935390551,73.89676666259766,171240
2023-11-06,72.62270138949243,73.30524554938165,72.28142930954782,72.8047103881836,202560
2023-11-07,73.53276663790734,73.89678466681671,70.71157831146775,71.12110900878906,372920
2023-11-08,72.1221446154858,72.75918286320216,71.25759171598557,71.57611083984375,180060
2023-11-09,67.708364747679,71.62161276514648,66.66179591464595,69.75599670410156,867140
2023-11-10,68.80045501280321,69.02796974958046,67.79939155962303,68.2999267578125,247420
2023-11-13,69.25545654641593,69.98350618766335,68.89143172579222,69.48297119140625,259540
2023-11-14,69.8470113176534,73.60100378260871,69.61949662280763,72.4861831665039,508580
2023-11-15,70.62054598181938,70.80256186776398,66.84380140262083,67.43534088134766,332640
2023-11-16,69.48298333073167,71.39410529390206,68.89144376177016,70.57505798339844,186280
2023-11-17,69.89252837744266,70.80258730452812,68.57293876724958,69.52850341796875,363160
2023-11-20,68.34541861337912,69.02796275454442,67.07133482789762,67.48086547851562,323640
2023-11-21,68.8004502553408,69.93802386056535,67.57187215033795,68.75495147705078,518760
2023-11-22,69.4829727316509,70.09726506402032,67.367089263616,67.43534088134766,192820
2023-11-24,67.38985144557351,67.38985144557351,65.61523276374474,66.93482208251953,237800
2023-11-27,69.43746984422452,69.52847431019474,68.66391452548835,69.3464584350586,153500
2023-11-28,67.98137946773767,68.18614822182813,65.56972956112637,66.25227355957031,257580
2023-11-29,66.7073007118653,67.70836382156224,66.7073007118653,67.57185363769531,190120
2023-11-30,67.38983154296875,67.91311237865864,67.18506283551226,67.38983154296875,74580
2023-12-01,66.1624120574181,66.39055830589196,64.88479167347032,65.52360534667969,243880
2023-12-04,60.82380373367176,61.64513178943795,59.911218552258745,60.18498992919922,711640
2023-12-05,60.04809718216181,60.16217030981601,57.17345297278162,57.62974548339844,970940
2023-12-06,57.264718569651215,57.844208612277505,57.0365722805291,57.766639709472656,630600
2023-12-07,58.13166743141331,58.6335885044651,57.492857210603916,58.35981369018555,407520
2023-12-08,57.812275945617586,57.857907994488535,56.67154434857512,56.808433532714844,419360
2023-12-11,60.32189488001539,62.42084413137079,60.00249137545459,61.690773010253906,859240
2023-12-12,60.31731344686015,61.90976999429523,60.207800728100935,61.051944732666016,338340
2023-12-13,60.68692162850085,60.81012259182564,58.359829841249265,58.4967155456543,549800
2023-12-14,58.95299855212712,59.500548242709684,57.85789917096198,58.58796310424805,347720
2023-12-15,59.68306606590714,60.32187284164307,59.47773581388285,59.54617691040039,249560
2023-12-18,60.68690368498611,61.14319619389579,59.888391794394195,59.95683288574219,263580
2023-12-19,58.907364462077624,60.32186703284426,58.8617324271457,59.637428283691406,274460
2023-12-20,56.9740746959967,58.16389403153126,56.51645160606901,57.84355926513672,513820
2023-12-21,57.38593505467735,58.07236967616538,57.27610649282763,57.56898498535156,350840
2023-12-22,57.98083044904689,58.02659554037659,57.20744998326007,57.66049575805664,193160
2023-12-26,59.033378660226916,60.49777115291801,59.033378660226916,59.811336517333984,287360
2023-12-27,58.758797571750485,58.80456267044007,57.70626663824009,57.88931655883789,275620
2023-12-28,58.621518624162945,59.62828799129525,58.621518624162945,59.21642303466797,245560
2023-12-29,58.94182598105094,60.90960568283285,58.34691486431166,60.177406311035156,600360
2024-01-02,54.411383596373256,56.1961142635537,54.31985688775119,56.10458755493164,676940
2024-01-03,59.62829507501753,59.71981830421616,57.848141383421236,58.896095275878906,595000
2024-01-04,57.98084983012515,58.16389978247266,55.80713993804361,56.8367919921875,333840
2024-01-05,57.385930776402354,58.392700082972645,56.60796950188279,57.202880859375,358880
2024-01-08,55.830013816009235,56.2418752719457,52.80970229145333,53.358848571777344,909040
2024-01-09,53.541902258041056,53.99952535426363,53.267329098584945,53.770713806152344,472180
2024-01-10,55.372395203922956,56.15035307882816,53.71579832191447,54.50291061401367,1256020
2024-01-11,52.71817982238665,55.25798942870824,50.933452522146816,54.50291061401367,2364540
2024-01-12,55.00628517598387,58.278290441596035,54.96052357262013,57.61473846435547,1486960
2024-01-16,58.667275511632766,59.719809957242376,57.84355608981329,58.16389083862305,830080
2024-01-17,59.21641555042234,59.62828045499483,58.57574612034035,58.85032272338867,565040
2024-01-18,59.21641656583552,61.9163965995317,58.71303542864597,61.550296783447266,722220
2024-01-19,61.321504146480684,62.37403882316191,59.582534721891086,60.36049270629883,1143520
2024-01-22,62.236737755939366,63.746895289219154,61.55030314833709,62.511314392089844,1109400
2024-01-23,64.60722979275576,65.02824921492387,63.28927993376024,64.0672378540039,843340
2024-01-24,62.785894297626285,63.56385225005165,62.37403625892316,63.426570892333984,525420
2024-01-25,62.78588250753811,63.49519964790733,62.55707097727539,63.06045913696289,262660
2024-01-26,60.81810156420885,60.98284614426197,59.12489764758016,59.44523239135742,843860
2024-01-29,59.71980775430723,59.87997861419066,57.66050403864147,57.980838775634766,820520
2024-01-30,57.706271506591406,57.79779822030532,57.157125189856465,57.38593673706055,653900
2024-01-31,58.575751085033076,58.850327711353636,57.08847615513966,58.71303939819336,506220
2024-02-01,59.02466342777933,59.02466342777933,57.74151720253936,58.108131408691406,584360
2024-02-02,58.52057245000484,58.589313055898245,57.480310067965185,58.3372688293457,289360
2024-02-05,57.695693758189094,59.23546439924913,57.64986785454134,59.11631774902344,495380
2024-02-06,58.42891244094509,58.4747383396796,57.66360909357376,58.153953552246094,261040
2024-02-07,58.06229005003694,58.42890418066752,56.50418873558565,56.641666412353516,606940
2024-02-08,55.49601622591751,55.770975148088475,54.8086171723439,54.99192428588867,647380
2024-02-09,53.47964620600289,53.47964620600289,51.69241142242309,52.51728820800781,652560
2024-02-12,51.87571515466067,51.884882433530244,49.35525189456811,49.58438491821289,798780
2024-02-13,50.821699951848,51.44035835079513,50.31760805256856,50.45508575439453,650360
2024-02-14,47.79714607020441,48.53037098431798,47.61842260664836,47.98044967651367,816620
2024-02-15,47.430520999635405,48.18666043946758,46.972255096257285,48.07209396362305,872380
2024-02-16,47.65966902697413,48.16834462033081,47.33888419165572,48.026283264160156,493900
2024-02-20,47.84297185854092,49.116950799352615,47.56801295343566,47.888797760009766,859760
2024-02-21,49.08028787581596,49.263594974981295,48.53037007461209,49.034461975097656,555700
2024-02-22,48.57620112364671,48.89698595896512,47.84297614556714,48.026283264160156,461100
2024-02-23,48.80532842718884,49.30942032201407,48.66784723028557,48.85115432739258,340040
2024-02-26,48.622016115373505,48.622016115373505,45.116280933250565,45.50580978393555,1132060
2024-02-27,43.7185816767789,44.176847724761295,43.03118260480531,43.58110046386719,1382320
2024-02-28,41.19811192969304,41.81677029785497,38.08190189528132,41.01480484008789,3844240
2024-02-29,39.044264297606716,41.10646142944424,38.815131282958106,39.96079635620117,3083020
2024-03-01,39.63471355190746,40.46139142487725,39.03766550149054,39.31322479248047,1573300
2024-03-04,37.9354216412496,37.9354216412496,36.190210609225986,36.28206253051758,3375880
2024-03-05,36.465776468002524,40.78288412359697,35.50131710441565,39.54286193847656,7287900
2024-03-06,36.37391445180917,37.43022906629345,35.96057730207081,36.28206253051758,2413140
2024-03-07,36.23613871478161,36.51169799889364,35.68501664263115,35.914649963378906,1174800
2024-03-08,35.730952476481576,36.787263837779534,34.490930221140026,35.08797836303711,2267200
2024-03-11,33.618315319120384,34.169437367716974,33.29683008538373,33.71017074584961,2205980
2024-03-12,33.71017210305777,35.40027347973203,33.22334708160841,34.07758331298828,3338680
2024-03-13,33.29683220865897,33.98573218538985,33.067198883082014,33.11312484741211,1600800
2024-03-14,33.572390261372334,35.45538276092696,33.44838981185803,35.04204559326172,3583700
2024-03-15,35.960585838145526,36.190219199809476,34.35315230649787,35.08797836303711,3219640
2024-03-18,35.68960817758609,36.511695837672754,35.40945526254268,36.28206253051758,2093100
2024-03-19,37.8435775321378,38.853962890627415,36.87911814377464,37.65987014770508,3313820
2024-03-20,38.21098803186051,39.06063422985593,36.74133599368389,36.787261962890625,3394760
2024-03-21,35.73095348051517,37.476164975845116,35.73095348051517,37.292457580566406,1969340
2024-03-22,37.93543869243066,38.78508161001617,37.79766074856499,38.02729415893555,1849740
2024-03-25,36.2820695541645,36.2820695541645,33.756102686469504,33.80202865600586,2980880
2024-03-26,33.89388271859259,34.67463468069314,33.84795324699996,34.58278274536133,1431000
2024-03-27,33.572390261372334,35.17982348117468,33.43461237345937,35.04204559326172,2176620
2024-03-28,33.66425615582447,34.0775934519844,33.43462276732342,33.939815521240234,1551640
2024-04-01,34.37700145675417,35.32041458628158,34.28496269287267,34.46904373168945,1465520
2024-04-02,36.81605587301832,37.13819495748616,36.217793560660695,36.40187454223633,1763140
2024-04-03,36.49392556920016,36.63198370530995,35.84964373419386,36.44790267944336,1231640
2024-04-04,35.80362053706213,35.80362053706213,34.56107637826918,35.113319396972656,1778260
2024-04-05,35.80362714865665,35.94168529553684,34.993672678288405,35.665565490722656,1025880
2024-04-08,33.22650512213064,33.64068665361987,32.99640466142044,33.364566802978516,1871920
2024-04-09,33.96281811409015,35.04428921767519,33.7327177298783,34.69913864135742,1624920
2024-04-10,35.38944335485138,35.4814821133757,34.10087966918945,34.10087966918945,1408820
2024-04-11,33.824752711484635,34.446022977444194,33.69589707244744,33.96281433105469,1137700
2024-04-12,34.14689507875223,36.53994114377365,34.05485633092775,35.711578369140625,1737240
2024-04-15,35.98770979595807,38.18747309738966,35.872659568335365,37.64443588256836,2327000
2024-04-16,37.59840704473592,38.610850994552344,37.59840704473592,38.01258850097656,2173560
2024-04-17,38.24269927152995,39.94544493896713,37.87454060825913,39.16310119628906,2822560
2024-04-18,38.10462029039644,38.54641255180605,37.00013788134602,37.4603385925293,2601820
2024-04-19,36.724022519931644,37.50636241746985,36.5123270779099,37.04616165161133,2295540
2024-04-22,35.94168372382803,36.30984578818331,35.596533105140075,35.75760269165039,1578920
2024-04-23,36.03372856728876,36.03372856728876,35.45847749508462,35.849647521972656,1056060
2024-04-24,36.12576590643989,37.41432966166435,35.94168486840014,37.276268005371094,2043760
2024-04-25,37.736464500427246,37.966564893722534,36.68720726876927,36.816062927246094,2077100
2024-04-26,37.32228201647721,37.690444039578544,36.74242805896125,37.36830139160156,1230240
2024-04-29,38.24269049536618,38.656871968669854,37.736470255130094,37.92055130004883,1236300
2024-04-30,39.07103910637109,40.35959892590736,38.79491939583136,40.31357955932617,1933860
2024-05-01,41.328347664621646,41.97410381169609,39.99071068548628,41.74347686767578,3001920
2024-05-02,40.35972198309926,40.77485125588598,39.71396572755197,39.898468017578125,1808840
2024-05-03,38.5608301881094,38.68075720254389,37.96120215411383,38.05345153808594,1875400
2024-05-06,37.17706672595109,37.77669825342139,36.80806568673638,37.49994659423828,1401360
2024-05-07,37.22319167168094,37.77669851293787,36.808065939598606,37.63832092285156,1109360
2024-05-08,38.237955268603635,38.41323051240266,37.684448386610775,38.14570236206055,1177440
2024-05-09,38.60694655320962,38.99901514824938,37.75362761870502,37.91506576538086,1473180
2024-05-10,37.68444866522664,39.39109049846179,37.546074583021785,39.06821060180664,2006600
2024-05-13,37.59219422613808,37.86894587245154,37.223189684994736,37.407691955566406,1140880
2024-05-14,38.099566231997244,38.74532230760821,38.007316872233176,38.468570709228516,1204320
2024-05-15,36.62355693982845,36.90030855013695,35.3320447329386,35.56267166137695,1576400
2024-05-16,35.56267364927703,36.43905673014881,35.38739844073782,36.116180419921875,1746980
2024-05-17,35.470423222698294,35.784075994317966,34.77854241933911,35.055294036865234,1367880
2024-05-20,35.14754324612963,35.23979613095173,33.41784124545223,33.487030029296875,1645220
2024-05-21,33.118025572706024,33.948280334472656,32.90584571941983,33.948280334472656,1554760
2024-05-22,33.62540962528315,33.948285943917185,33.16415573061283,33.71765899658203,1430120
2024-05-23,33.94828149129698,35.193668955015895,33.85603213209742,35.0091667175293,1717420
2024-05-24,34.87079038850075,35.10141731371449,33.786844543813665,33.85603332519531,1723860
2024-05-28,34.31729007927637,34.96304622833107,34.27116539414844,34.3634147644043,1121860
2024-05-29,34.64016428058605,35.00916877726936,34.54791491595906,34.91691589355469,1005880
2024-05-30,34.455660905677746,34.501789105570715,33.67153077472333,34.17890930175781,1339660
2024-05-31,34.409537071246675,35.33204478639585,34.13278546051945,34.778541564941406,1505620
2024-06-03,33.57608403851117,34.223557452766265,33.344843785451936,33.99231719970703,995760
2024-06-04,33.807334882977656,33.969202405140905,32.974871828232104,33.298606872558594,1332520
2024-06-05,33.021121453078756,33.437354773231164,32.65113549551048,32.92862319946289,1233840
2024-06-06,33.06736301273602,33.39109802246094,32.743628003011096,33.39109802246094,673420
2024-06-07,32.928619741896576,34.496428809474786,32.78987766871234,33.94607925415039,1383900
2024-06-10,34.038573969606546,34.11257256472925,33.529845977703246,33.94607925415039,767420
2024-06-11,35.10228653797465,35.61101461246314,34.82479881811255,34.917293548583984,1170740
2024-06-12,33.946068211905505,35.07914398568007,33.52983507085396,34.963523864746094,1345320
2024-06-13,34.68605116301892,35.65725988989393,34.501058184459964,35.3797721862793,1166200
2024-06-14,35.056039587340784,36.30473610571226,34.96816712244021,36.02724838256836,1266000
2024-06-17,35.980992535617,36.3509749031168,35.00978044086839,35.333518981933594,1207520
2024-06-18,36.443476624506495,36.85970638667013,36.119738052499144,36.67471694946289,1464600
2024-06-20,36.11974029920574,36.628468340064046,35.98099821267033,36.30473327636719,819220
2024-06-21,37.09094105616536,37.27593399361305,36.65158591711806,36.7209587097168,853800
2024-06-24,38.52463199999938,39.819575448935446,38.20089349143037,39.63458251953125,2175880
2024-06-25,38.293401321153944,38.478390768491444,37.50718205617942,37.73842239379883,1879460
2024-06-26,38.15465090475269,38.617131521779996,37.78466499975201,38.47838592529297,1043620
2024-06-27,37.96966046123937,38.20090078503309,37.46093245458265,38.10840606689453,867900
2024-06-28,38.20089710091374,39.17210566149392,37.89566173773574,39.125858306884766,1044560
2024-07-01,37.1148944107625,37.4392464267545,36.5125324412916,37.02222442626953,1158860
2024-07-02,37.16122631185925,37.90260026666716,37.04538707331214,37.76359176635742,930420
2024-07-03,38.92198226837341,39.060990761956454,38.50496032275713,38.690303802490234,902340
2024-07-05,41.841129429900946,42.026469361554994,40.9097810722692,41.285099029541016,2129980
2024-07-08,40.729072164313685,42.44349127804179,40.59006368044055,41.285099029541016,2153280
2024-07-09,40.729071778256646,41.00708520823512,39.987701453269864,40.312049865722656,1548860
2024-07-10,40.219379937645954,40.729071815595844,40.196210678821274,40.63639831542969,1296600
2024-07-11,39.663349542046696,40.84491103945412,39.524344594496306,40.63639831542969,1600760
2024-07-12,40.45106506347656,40.58543547441887,39.82553032326556,40.45106506347656,896400
2024-07-15,36.92954728543067,37.11489077137563,36.09550690137782,36.466190338134766,1627400
2024-07-16,36.280851813294966,36.65153526462115,35.400472871803984,35.446807861328125,1270100
2024-07-17,35.67848633201822,36.18817828687757,35.307799345684266,35.771156311035156,1333660
2024-07-18,35.63214949829723,36.6051983681454,35.56264525006531,36.37351989746094,1324900
2024-07-19,36.002833287484904,36.049171810187836,34.07527023053655,34.288414001464844,1343020
2024-07-22,33.91772365988815,34.6822632517781,33.732383728027344,33.732383728027344,1016580
2024-07-23,34.520090655276654,35.215126037597656,34.23744265032215,35.215126037597656,1625020
2024-07-24,34.47375520841946,35.168790581431416,34.288411735256396,35.12245559692383,1177280
2024-07-25,36.04916514323755,36.37351353137524,35.35412985282911,35.6784782409668,1537680
2024-07-26,33.82505584162005,34.47375624971878,33.70921660928573,33.77872085571289,1117960
2024-07-29,33.0836866489805,34.68226669850913,32.99101313870759,34.288414001464844,1909500
2024-07-30,34.612761072486805,35.21512649232978,34.450586854877635,34.98344802856445,1381080
2024-07-31,34.705437423542655,35.53947784037639,34.496924667984395,35.446807861328125,1283940
2024-08-01,35.67442798927581,37.04473332152594,35.55830029861273,36.41764450073242,1579000
2024-08-02,35.53506338498933,37.02149599136264,35.16345346142856,36.882144927978516,1838680
2024-08-05,44.45365758064409,44.54656181567382,41.06273274057838,42.31690979003906,4287100
2024-08-06,40.92338849621937,41.62015448722401,39.43695579965015,39.62276077270508,1611180
2024-08-07,39.43694696991802,41.20208495889664,39.20469169158391,41.10918426513672,1589000
2024-08-08,38.87954511597087,39.67386155091082,37.207307264175384,37.532466888427734,1514380
2024-08-09,37.114395177331744,37.57890574639989,36.55698036808933,36.835689544677734,1020980
2024-08-12,37.71826682203187,38.60083784677031,36.858922749497864,37.90407180786133,1446920
2024-08-13,37.996974997780875,37.996974997780875,36.18538263908177,36.742794036865234,1195280
2024-08-14,36.78924426278442,38.010909613470425,36.64989318581087,37.85762023925781,1552920
2024-08-15,37.764719213327744,39.320829262422315,37.272335489017635,39.11179733276367,1297880
2024-08-16,37.996972319291295,38.64728438955167,37.1144013817358,37.20730209350586,1305260
2024-08-19,37.950524710002405,38.322134706549235,37.5324678938067,37.71826934814453,801120
2024-08-20,36.83569323211498,37.996969771034934,36.48731027043899,37.393104553222656,1346380
2024-08-21,37.48601179551652,37.85762177034559,36.09247970581055,36.09247970581055,1486880
2024-08-22,36.603440460727,37.02149720855918,36.515182303594216,36.92859649658203,818120
2024-08-23,36.417635718552624,36.62666409376426,34.745398085054475,34.83829879760742,1536600
2024-08-26,34.745404358741226,35.2099150932488,34.745404358741226,35.070560455322266,960660
2024-08-27,35.62796532598364,36.18538023060108,35.581514969915936,35.81377029418945,961660
2024-08-28,37.11440139347335,38.22922765474154,36.975046781839204,37.625362396240234,1062040
2024-08-29,36.74278643214288,37.67180759879091,36.18537514972786,37.439552307128906,1173900
2024-08-30,37.25375494056672,38.461485537948896,37.030791799834944,37.85762023925781,1206720
2024-09-03,37.610916306217085,38.68152190111756,37.56436530315552,38.35568618774414,993980
2024-09-04,39.33318642179624,39.5892026651968,37.936741933448445,38.21603012084961,1782000
2024-09-05,39.24010031522406,39.845224264644884,38.821166164798704,39.65903091430664,1713720
2024-09-06,39.14699167025847,41.74437917517671,39.05389679500323,41.52094650268555,2865040
2024-09-09,39.9383293661087,40.49690595879612,38.54188433304676,38.634979248046875,2002880
2024-09-10,38.77461935390398,39.10045505885733,38.029845940280055,38.07639694213867,1500020
2024-09-11,38.914259359929325,39.752127624083066,38.07639464711819,38.30913543701172,1501800
2024-09-12,38.262581364959594,38.58842057544684,37.704004934613366,37.843650817871094,1075280
2024-09-13,38.30913336361016,38.30913336361016,36.77304281291351,36.95923614501953,1371980
2024-09-16,37.79710033995514,38.44877521850796,37.75055289534617,38.16948699951172,1113500
2024-09-17,37.19198205249227,37.50385388476684,35.83742883713589,36.81959533691406,2120300
2024-09-18,36.86614278852561,37.31300826775662,35.93983536148704,36.81959533691406,1741100
2024-09-19,34.771461486816406,35.167123544372195,34.42235041344941,34.771461486816406,1428100
2024-09-20,35.00422260927821,35.33006193185125,34.673731026647296,35.05077362060547,1201200
2024-09-23,34.864559903852495,34.957654769547105,34.51079302179832,34.771461486816406,931540
2024-09-24,34.72493118570752,35.17179315391814,34.16635461328005,34.2129020690918,1053260
2024-09-25,34.72491332662559,35.004201469200964,34.44562518405022,34.864559173583984,685360
2024-09-26,34.166353126006655,34.34789068171035,33.34710444427775,33.980159759521484,1412940
2024-09-27,33.51467514038086,33.70086849031819,33.0491935412089,33.51467514038086,906120
2024-09-30,34.445633966392414,35.00421039395915,34.39908652265224,34.72492218017578,1104180
2024-10-01,34.84152095458196,36.14749644301883,34.76223052610106,35.727718353271484,1911440
2024-10-02,36.1475092070928,36.73053354914269,35.3079527311417,36.56728744506836,1940680
2024-10-03,36.427359357018226,36.80049635090369,36.03090352507623,36.05422592163086,1933060
2024-10-04,35.82101328070828,36.33407393675663,35.21466660451616,35.30794906616211,1504860
2024-10-07,34.981451098550885,35.144697158644675,34.09525362568815,34.74824142456055,1844160
2024-10-08,35.16801746665289,35.66242080751277,34.84152180730445,35.44786834716797,1577900
2024-10-09,35.63444709440794,36.287435043487015,35.307951340619375,36.194149017333984,2399320
2024-10-10,36.10085923502203,37.45347609294417,36.07753684358478,36.987056732177734,3213320
2024-10-11,35.86764857141362,35.86764857141362,34.56167297366883,34.74824142456055,2401560
2024-10-14,33.862047122466095,33.95533313589566,33.02249435258531,33.302345275878906,2336600
2024-10-15,33.302350760942915,33.838733861390864,32.21559254535243,32.742645263671875,3420820
2024-10-16,32.276213214111074,32.649350066845145,32.04300357077646,32.36949920654297,2732580
2024-10-17,32.742637314705725,32.92920576850264,32.416145189434076,32.882564544677734,2826840
2024-10-18,32.32287266361145,32.41148994853155,31.716525892271612,31.949735641479492,3279860
2024-10-21,32.27622189238188,32.859246157479085,32.27622189238188,32.4161491394043,3200420
2024-10-22,32.69600607178467,32.966530234446545,32.41615508490958,32.509437561035156,2214880
2024-10-23,33.022500152281914,33.675484568483874,32.812609254075696,33.06914138793945,3047820
2024-10-24,32.462795161252004,32.649363665324934,32.08966171160437,32.13630294799805,3125080
2024-10-25,32.27621795946207,33.3256615087603,31.8564433865406,32.882564544677734,3485940
2024-10-28,31.80979985238519,32.089654323310256,31.296739253184928,31.43666648864746,3685740
2024-10-29,30.690403609593442,30.87696855723977,29.570996131224092,30.084056854248047,4840880
2024-10-30,30.363902213494725,30.59711191338101,30.13069251360844,30.41054344177246,1244620
2024-10-31,30.410544711435755,31.29674231970258,30.34058464534708,31.25010108947754,1832100
2024-11-01,31.2641207198583,31.824910683948104,30.479012630883197,31.63797950744629,2815760
2024-11-04,31.918379892594427,32.619369170773666,31.824912516254354,32.525901794433594,1695400
2024-11-05,31.544513702392578,31.84827639927648,30.983723773849544,31.544513702392578,1679400
2024-11-06,29.20788798467596,29.628482284738496,28.27323556916633,28.413433074951172,2260680
2024-11-07,28.834022028916685,29.002259717748863,28.110601036562937,28.263883590698242,449900
2024-11-08,28.366699692633908,28.581669309176142,27.974145627218217,28.21715545654297,655400
2024-11-11,26.32915517640658,26.413274025429267,24.272919417841887,24.43181037902832,4182000
2024-11-12,24.674825551957838,24.917835414981674,23.632688232247325,23.768213272094727,2919300
2024-11-13,23.618664732543103,23.805594128329506,22.72139757156172,23.702783584594727,6246400
2024-11-14,23.291535398946586,24.347691714082895,23.170031384277298,24.310306549072266,3081600
2024-11-15,23.824282528029126,24.25422343390318,23.188718795776367,23.188718795776367,2616400
2024-11-18,23.51584739710734,23.684085065375125,22.908323870468365,23.188718795776367,1410400
2024-11-19,23.179373858531367,23.291532906978908,22.534465123757695,22.927019119262695,1752400
2024-11-20,22.431653474238217,22.78682053652229,22.32884115868151,22.534465789794922,2305400
2024-11-21,21.80544241008884,22.263421913947173,21.394194817410852,21.618511199951172,5027100
2024-11-22,21.777397297603876,21.8802096183354,21.291379469390634,21.4409236907959,3191200
2024-11-25,21.842824777991787,22.487733573842462,21.814784567547413,22.347536087036133,2884400
2024-11-26,23.011142506590343,23.356962890776472,22.384925337236808,23.300884246826172,2878500
2024-11-27,22.36623242261986,22.44100454399816,21.66524311618275,21.833480834960938,2491300
2024-11-29,21.646545185269673,21.740010763434196,21.30072486358085,21.721317291259766,1487800
2024-12-02,22.009543578774135,22.402571206425765,21.682020258254695,22.08440589904785,1500300
2024-12-03,22.477431923029226,22.61312042661281,21.944037706027128,22.14055061340332,1208300
2024-12-04,22.08440214298619,22.393209384701386,21.274952884927536,21.335777282714844,1406700
2024-12-05,20.521650889196813,21.653943567821862,20.325136207000277,21.382568359375,3652800
2024-12-06,21.3077036284702,21.47146435765469,20.72003374981973,20.830455780029297,2052600
2024-12-09,21.401285700109902,22.009542238398474,21.083120412108176,21.981468200683594,2623700
2024-12-10,21.569721592878007,22.421280985846725,21.494859287502454,21.90660285949707,2438900
2024-12-11,21.391928779614105,21.455560769547876,20.718166118927996,20.78367042541504,2311200
2024-12-12,20.80238477192929,21.2609166651752,20.559081806865642,21.092477798461914,3185400
2024-12-13,21.00826076935214,21.157985419831398,20.671379413344503,20.72752571105957,1615800
2024-12-16,20.24091255497927,20.24091255497927,19.492289567015234,19.91339111328125,3969300
2024-12-17,19.557798380146597,19.95082598597106,19.42678977315791,19.74495506286621,2243800
2024-12-18,20.166053673910003,21.026971148405266,20.081833350383206,20.9146785736084,2643500
2024-12-19,20.54972155652975,21.990823165375637,20.45146511543339,21.813024520874023,4076900
2024-12-20,22.11247430902704,22.149906355085022,21.48550181642136,21.803667068481445,2433400
2024-12-23,22.057821770471552,22.761196175483217,22.029686150312582,22.611143112182617,1923800
2024-12-24,21.673310290987764,21.73895828173339,21.087164961082415,21.148122787475586,1555000
2024-12-26,21.889014646702172,22.02968918935614,21.682692103394608,21.92652702331543,1310400
2024-12-27,21.77647040993217,22.49860187763127,21.74833657922543,22.207874298095703,1520700
2024-12-30,22.620523883631684,23.0331689540268,22.142229026389636,22.292282104492188,1803800
2024-12-31,21.907768109842436,22.55487125689251,21.813984500643222,22.507980346679688,1897500
2025-01-02,21.720205701090865,21.87963733540144,21.396654055919676,21.542016983032227,2026500
2025-01-03,21.5889089397831,21.693945743072163,21.13874967816663,21.307558059692383,992500
2025-01-06,21.157502374576215,21.21471093435665,20.364097175872825,20.482263565063477,1855700
2025-01-07,20.78237108632823,21.77272212172792,20.772992545308302,21.692068099975586,2115300
2025-01-08,21.92652481246181,22.611143951555608,21.785850283992065,22.24538803100586,1866400
2025-01-10,22.12347106924892,22.686170984260478,21.785850762487247,22.067201614379883,2037300
2025-01-13,23.0050361843279,23.37079035552988,22.311977536307452,22.35793113708496,2194400
2025-01-14,21.607665141491285,21.97341930303866,21.476367353961752,21.67331314086914,1439400
2025-01-15,21.148119420154686,21.190321948739093,20.69796030776987,20.969932556152344,1611000
2025-01-16,21.026206079991436,21.471676904026687,20.75423377880882,20.80112648010254,1484700
2025-01-17,20.2946982319608,20.388481855909507,19.619459359323024,19.891429901123047,2325100
2025-01-21,19.844538218449152,20.313454531340245,19.436581527090556,19.656970977783203,2373900
2025-01-22,19.947703324071316,20.214985518769495,19.85391968989542,20.022729873657227,1429900
2025-01-23,20.397856652472047,20.425992271123576,19.530362314945286,20.18215560913086,5259400
2025-01-24,19.825783585080565,19.964583503416836,19.4553410116156,19.910188674926758,2231900
2025-01-27,20.716719962433096,21.109672364646503,20.425992389772585,20.613557815551758,2170200
2025-01-28,20.37910125975941,20.660452103236196,20.1258860372624,20.641695022583008,1196000
2025-01-29,20.47288516107057,20.632316771308904,19.905496879165263,20.0321044921875,1366100
2025-01-30,19.90081024169922,19.933634244732925,19.591325506828543,19.90081024169922,1183500
2025-01-31,19.966455106315674,20.608869878342,19.69448281830867,20.585424423217773,1260200
2025-02-03,21.94214022461027,22.02194603391651,20.44928592198374,20.627676010131836,2949800
2025-02-04,21.068957505643464,21.331848871162126,20.730952274761623,21.1722354888916,1678500
2025-02-05,21.181625169602416,21.6886330266376,21.078347184172145,21.49146270751953,1479500
2025-02-06,21.275518184745966,21.885804098128183,21.128110964434658,21.585355758666992,1506600
2025-02-07,20.956290628370418,21.904581785205718,20.843623400500594,21.857637405395508,2024900
2025-02-10,21.425739864751225,21.622910183869294,21.34123855524536,21.49146270751953,454600
2025-02-11,21.613521938571466,22.087666605085058,21.519631391404577,21.98908233642578,1481500
2025-02-12,22.129918259297344,22.18625187381148,21.413535626455147,21.547800064086914,1347300
2025-02-13,21.820081765666878,21.994718307301067,21.716801974970526,21.735580444335938,638600
2025-02-14,21.66985905359406,21.754360380623027,21.101823748087657,21.500856399536133,2112300
2025-02-18,21.69802372023061,22.420976830148096,21.67454973982234,22.22380828857422,1715900
2025-02-19,21.698022749739067,21.9186634710393,21.604132204745277,21.72618865966797,1252200
2025-02-20,21.35062733750292,21.594742027493904,21.1328017840638,21.1722354888916,1394700
2025-02-21,21.06896076139326,22.07358558529819,21.022014588286762,22.01725196838379,2422400
2025-02-24,21.87641503860018,22.317700107674174,21.78721999673858,22.214420318603516,3263200
2025-02-25,23.397432165502916,24.178599125330013,23.378653700319457,23.594600677490234,4899000
2025-02-26,24.280006163288558,25.190740453728026,23.52888349281509,24.58984375,4147300
2025-02-27,24.045282889048845,25.162575077055724,24.007725946184614,24.909072875976562,2921500
2025-02-28,25.378521569049752,25.613247067795193,24.341033503576696,24.58984375,2396400
2025-03-03,22.05274145718583,24.42157865819979,22.02454216691804,24.13017463684082,3516700
2025-03-04,25.070190414155533,25.446195909973177,23.34996370197113,23.895172119140625,2511700
2025-03-05,23.12435825696568,23.744767715682464,22.89875498042644,22.92695426940918,1655000
2025-03-06,23.105554518361593,23.635721880054604,22.67784802626753,23.29355812072754,1889800
2025-03-07,23.302961813652587,24.007031442844106,22.78125344574462,23.87636947631836,2431100
2025-03-10,25.051388013938148,26.53661096768376,24.994987641575417,26.094804763793945,3413500
2025-03-11,25.229989407060202,26.038402453479026,24.52497852972343,24.67538070678711,2081900
2025-03-12,24.628383498436104,25.474396288823634,24.51558095634783,24.759984970092773,1798400
2025-03-13,24.77878502645117,25.681198167154836,24.712984292391805,25.587196350097656,1274300
2025-03-14,24.543780596282907,24.76938387425246,23.923371133632767,24.13957405090332,1550100
2025-03-17,24.675380041441485,24.806981494589866,24.139572075982695,24.195972442626953,894000
2025-03-18,24.853981018066406,25.211185698013697,24.80697922272126,24.853981018066406,1059400
2025-03-19,24.355777117289588,24.45447821583015,23.725967290084505,23.87636947631836,1555400
2025-03-20,23.98917360943342,24.426280552566343,23.603767757435556,24.252376556396484,1160000
2025-03-21,24.42158133762205,24.58984477120595,24.208198676072303,24.34638023376465,718800
2025-03-24,23.368762138060504,23.387561066309946,22.936354515485164,23.077356338500977,1100800
2025-03-25,23.265360959908076,23.406362788956773,23.096158047875424,23.124359130859375,689500
2025-03-26,23.29356167075792,23.760748667821627,23.180759133559757,23.556764602661133,805000
2025-03-27,23.61316593251242,23.76356811483313,23.293560846847047,23.415761947631836,691000
2025-03-28,23.942167071368214,24.428154721893097,23.871667064335416,24.35577392578125,1318300
2025-03-31,24.722381691846273,24.98464691040292,24.289975863932497,24.703582763671875,1198800
2025-04-01,24.362804632330754,24.748770357758268,23.769738675220637,23.920358657836914,1016700
2025-04-02,24.061563895803975,24.103925876777627,23.270808114650304,23.412015914916992,1355300
2025-04-03,24.786425767361308,24.979407742521893,24.565201870641154,24.74877166748047,1675400
2025-04-04,24.560493674179735,24.84290568341667,23.939185817433064,24.1180477142334,1744900
2025-04-07,26.2267274906454,26.53738139880636,24.937041995836775,25.821935653686523,2996500
2025-04-08,25.181800580082463,26.490312259953985,25.125318539474144,26.302038192749023,2514800
2025-04-09,26.311452186896975,26.325572248177647,24.120869399055838,24.31573486328125,2075100
2025-04-10,24.569907658114683,25.558351486413805,24.551079712015405,25.19121551513672,1378800
2025-04-11,24.400458016482364,24.645215911946618,23.70384021963716,23.807392120361328,1023400
2025-04-14,23.515565172051616,23.87328895293496,23.270807268166088,23.50615119934082,889000
2025-04-15,23.270808144175117,23.829985216417725,23.097594989945804,23.779151916503906,896400
2025-04-16,23.901529507015415,24.0050814131718,23.374359594416212,23.694427490234375,1831000
2025-04-17,23.637943299942417,23.892113362492964,23.3837714418603,23.534391403198242,1075600
2025-04-21,22.903675513794827,23.157847437041315,22.531831603363713,22.85660743713379,1741800
2025-04-22,22.272948492982174,22.32001655887059,21.731656757607258,21.7928466796875,1841300
2025-04-23,21.218610607623784,21.71753861399619,21.067988833315603,21.322160720825195,1606000
2025-04-24,21.519850565176583,21.553739431965152,21.3127467477102,21.322160720825195,765500
2025-04-25,21.16212583881768,21.21860967502509,20.794989881128007,20.917367935180664,935900
2025-04-28,20.992675054397736,21.365459703905216,20.964434935682338,21.08681297302246,911500
2025-04-29,21.03974625884193,21.12447021147668,20.92678039015174,20.97385025024414,717700
2025-04-30,21.133884982628476,21.529262844697165,21.133884982628476,21.246849060058594,899700
2025-05-01,20.64814911665395,20.84614600566313,20.459582620520077,20.685863494873047,1572500
2025-05-02,20.591577818201436,20.671718168483768,20.403009537752986,20.648147583007812,1192500
2025-05-05,21.242134461684657,21.374131166914616,21.092222890276215,21.20442008972168,852600
2025-05-06,21.37413597586948,21.455220455176846,21.025285150005107,21.034713745117188,809100
2025-05-07,20.657577622127267,20.883858495504448,20.497295112028368,20.780147552490234,1043400
2025-05-08,20.101300847122953,20.17672779633406,19.61102477809061,19.70530891418457,1958900
2025-05-09,19.394172377256965,19.507313699378305,19.215976818026192,19.337602615356445,1106600
2025-05-12,19.167893253280553,19.827880461917612,19.101894892080942,19.648740768432617,1296600
2025-05-13,19.23389253509819,19.403603642489145,18.988754468680202,19.017040252685547,753900
2025-05-14,19.15846330422471,19.436600519839953,19.111322134793113,19.299888610839844,658600
2025-05-15,19.45074271184439,19.6770253627495,19.149034908398058,19.328174591064453,726700
2025-05-16,19.28103263897091,19.309316620446378,19.068893786303445,19.186748504638672,573800
2025-05-19,19.46960072396859,19.49788650611014,18.899184271517175,18.913326263427734,755100
2025-05-20,19.08303793310002,19.172606881759258,18.602190412166273,18.658761978149414,804800
2025-05-21,18.7624726048917,18.819042371606862,18.168485558581335,18.385337829589844,2346800
2025-05-22,17.9139171729889,18.074199661732663,17.81303320328166,17.951631546020508,2869100
2025-05-23,18.347623825073242,18.474907151504592,18.144915340372016,18.347623825073242,2643800
2025-05-27,18.05534487588107,18.37119649789587,18.02706089066697,18.1590576171875,1139000
2025-05-28,18.385333711848933,18.69647005657819,18.324048762613153,18.668184280395508,974600
2025-05-29,18.451333439064122,18.95103806577475,18.423049459084403,18.894468307495117,1178400
2025-05-30,18.9227573376423,19.299892157357807,18.861472367463318,19.12075424194336,1262300
2025-06-02,19.261433870012457,19.327526738541387,19.10564379432221,19.14813232421875,1059800
2025-06-03,18.9876230590746,19.05371593720651,18.713807648647148,18.817668914794922,650900
2025-06-04,19.063156127929688,19.225555497829035,18.954574724585804,19.063156127929688,1187100
2025-06-05,18.912088977824364,19.700485205512834,18.912088977824364,19.63911247253418,2290600
2025-06-06,19.223669307449473,19.251993796425033,18.95268671712385,19.195343017578125,1029100
2025-06-09,18.581619808198017,18.685481062696315,18.355014908207266,18.402223587036133,1415800
2025-06-10,18.2133866439329,18.449433634336,18.10952539186894,18.260595321655273,1319200
2025-06-11,18.20394604539518,18.43055095871183,18.090642688288973,18.364458084106445,2009100
2025-06-12,18.72324706056246,18.770455737916265,18.437158585863887,18.704362869262695,1093500
2025-06-13,19.044272444084996,19.195342383281947,18.845992023329163,19.00650405883789,1141900
2025-06-16,18.742129780452068,18.779896359191007,18.33329589529743,18.355012893676758,830800
2025-06-17,18.90264670354699,19.308647885630034,18.88376250882314,19.0537166595459,1193600
2025-06-18,19.22366714477539,19.299202108372135,18.949851776177447,19.22366714477539,852100
2025-06-20,18.845990036762117,19.516364397067793,18.81766555170822,19.327526092529297,1069700
2025-06-23,19.73352839878322,20.035668263887185,19.33696937561035,19.33696937561035,1676900
2025-06-24,18.997063082815703,19.072598049707995,18.77989847721666,18.89320182800293,1130200
2025-06-25,18.49664389146096,18.704364612430243,18.449435209707502,18.53441047668457,908900
2025-06-26,18.64771093923102,18.742130088975845,18.543849694422164,18.572175979614258,599300
2025-06-27,18.742131251862222,18.78933992921603,18.558014888928533,18.704362869262695,1106200
2025-06-30,18.558015390384043,18.770456245112133,18.548573294479024,18.60050392150879,885400
2025-07-01,18.802906616607956,19.025174962574823,18.689409191780353,19.010988235473633,1026600
2025-07-02,18.613747458118215,18.639285015345177,18.185289810896155,18.188127517700195,1839300
2025-07-03,18.254333858923136,18.320542805412057,18.04625401055738,18.2827091217041,838100
2025-07-07,18.434038910300345,18.609015174723922,18.397152334169398,18.500246047973633,1056800
2025-07-08,18.36783230519341,18.519163425408472,18.301625165600477,18.377290725708008,792000
2025-07-09,18.24487830161635,18.44349974059049,17.828716776706028,17.876007080078125,1165400
2025-07-10,17.998960054211356,18.08408402125562,17.537398948371134,17.63954734802246,2110100
2025-07-11,16.977477178701324,17.125025293398195,16.873436355720266,16.91126823425293,2065300
2025-07-14,16.391065033699107,16.764664469362618,16.33904463075748,16.665353775024414,3200100
2025-07-15,16.958561124691734,17.232848119816826,16.845061875806252,17.138267517089844,2641000
2025-07-16,16.797770586381596,16.882894567036292,16.627522625072206,16.722105026245117,3696400
2025-07-17,16.920724905186436,16.973690612060768,16.63697953149992,16.75993537902832,2527600
2025-07-18,16.7977720091588,17.043685551433633,16.726834751268388,17.015310287475586,2620500
2025-07-21,16.89235362339991,17.119350312353735,16.750479114295615,17.109891891479492,1522500
2025-07-22,16.74102186728155,16.982205276463684,16.58117762733942,16.722105026245117,2345900
2025-07-23,16.91126760808327,17.015308427212034,16.816687013248988,16.85451889038086,1367300
2025-07-24,16.81668614194941,16.939641991268967,16.689000180727692,16.778852462768555,1108400
2025-07-25,17.176096996270385,17.33783182481451,17.053141147508132,17.100431442260742,1594400
2025-07-28,16.84506145548697,17.034226264239596,16.75993747194922,16.93964385986328,2711800
2025-07-29,16.788311825858223,17.10989090092779,16.7854741193593,17.02476692199707,1783300
2025-07-30,17.015309727134664,17.299056945342645,16.826146719005354,17.128808975219727,2032000
2025-07-31,16.939644538164544,17.166641235351562,16.83560370878364,17.166641235351562,2259700
2025-08-01,17.358032967255735,17.727553839280624,17.320134271066358,17.718080520629883,3502400
2025-08-04,17.547532457188662,17.585431154646688,17.29170947236375,17.443307876586914,1999800
2025-08-05,17.557008896386556,17.793881646599672,17.485946348444354,17.623332977294922,2278800
2025-08-06,17.594908052035706,17.65175700754332,17.3011863401847,17.376985549926758,1881900
2025-08-07,17.196960297531824,17.320135132463058,17.007463192769592,17.035886764526367,2062400
2025-08-08,17.149587204094416,17.301185617243895,17.073787997519677,17.206436157226562,1817100
2025-08-11,16.761115440285792,16.893763595210903,16.57161652708228,16.846389770507812,2590400
2025-08-12,16.808488102408134,16.893762426732046,16.666364830933425,16.732688903808594,2008700
2025-08-13,16.60004069331716,16.680576550867066,16.273155182285212,16.287368774414062,3781000
2025-08-14,16.912713742077113,17.0548370224921,16.751640209021307,16.941137313842773,5130500
2025-08-15,16.865336379080365,17.130634467229598,16.865336379080365,17.102209091186523,2581300
2025-08-18,17.2917104905226,17.43383377695078,17.135373610414653,17.206436157226562,1941300
2025-08-19,17.301184745693224,17.77493021471923,17.27654905601975,17.69913101196289,3031100
2025-08-20,17.65175346710811,17.82988329111014,17.490679952813505,17.50963020324707,2370000
2025-08-21,17.68017786787796,17.883888530817863,17.55700486124221,17.841251373291016,2400200
2025-08-22,17.822302792991966,17.888626864868368,17.007461872116338,17.14011001586914,3259900
2025-08-25,17.869678240397285,18.03927810716874,17.674493908337823,17.99285125732422,2897100
2025-08-26,18.153925790078034,18.2297249910038,17.936003313315897,17.945478439331055,2176000
2025-08-27,17.917054074877235,17.973903026988705,17.70386824546472,17.803356170654297,1497400
2025-08-28,17.651753227428383,17.822301864624023,17.60437940918307,17.822301864624023,1156900
2025-08-29,18.078127522872805,18.476073800085548,18.06865239636826,18.438173294067383,2603400
2025-09-02,18.248381886562232,18.30057463729635,17.83084350066091,18.00165367126465,3318900
2025-09-03,17.916250654855187,17.952311008076034,17.711276968118856,17.783397674560547,2654600
2025-09-04,18.011145937930753,18.26736394453649,18.006401964468896,18.172468185424805,2638200
2025-09-05,17.66952080864443,18.13450796018958,17.603092521293043,17.90675926208496,2689800
2025-09-08,17.783394889650292,17.859311125070917,17.67900938720225,17.821353912353516,2275400
2025-09-09,17.707478941440925,18.05384688428965,17.683755456859533,17.944717407226562,2748500
2025-09-10,17.555648618428076,17.660034135354813,17.42279564051119,17.584117889404297,2579400
2025-09-11,17.565136364194345,17.565136364194345,17.399068350827118,17.432283401489258,2146600
2025-09-12,17.36585261742625,17.402863203140846,17.07547300634623,17.081167221069336,2239800
2025-09-15,17.356365382958742,17.4702388221661,17.274754938535875,17.327896118164062,2154700
2025-09-16,17.308918354258996,17.42279361493868,17.071679886996698,17.100149154663086,1757100
2025-09-17,17.19504524295403,17.432283714898848,17.19504524295403,17.299428939819336,1972800
2025-09-18,17.005250930786133,17.07642318460063,16.929334704710616,17.005250930786133,1653400
2025-09-19,17.195045294078263,17.37534523010254,17.152342296601795,17.37534523010254,1317600
2025-09-22,17.688499142878054,17.849821369395112,17.61258290745743,17.821353912353516,958300
2025-09-23,17.707478708510454,17.925737659765577,17.64105222856201,17.89727020263672,966700
2025-09-24,17.67901015710498,17.71696918146128,17.531923462689072,17.631563186645508,889700
2025-09-25,17.925737927667466,18.41445039885141,17.89727047011316,18.276851654052734,1719300
2025-09-26,18.324300068844117,18.409706068216153,18.134510366895373,18.333789825439453,1280100
2025-09-29,17.81186334984743,17.821353105093376,17.403812924200494,17.422792434692383,1637600
2025-09-30,17.598348803924324,17.67995925300852,17.408557314424215,17.441770553588867,1039900
2025-10-01,17.083371861175188,17.12139915894104,16.836199865421232,16.96929359436035,1240000
2025-10-02,16.69360100266589,16.802926763077664,16.42741717322551,16.465442657470703,1761700
2025-10-03,16.48445629928124,16.579522729716256,16.02813960908278,16.2277774810791,2580800
2025-10-06,15.942580696861594,16.004372338078483,15.757202146728085,15.8760347366333,1896600
2025-10-07,15.933071679254942,16.47970042964305,15.933071679254942,16.37037467956543,3034500
2025-10-08,16.256299634418536,16.360871086788254,16.02814126573706,16.14221954345703,1835600
2025-10-09,16.123203537229397,16.62230182237325,16.123203537229397,16.446428298950195,2395300
2025-10-10,16.313336869084825,17.15942428083993,16.237284088401687,17.064359664916992,3343500
2025-10-13,17.397088381788684,17.4731411578146,17.164177548502348,17.168930053710938,2007700
2025-10-14,17.94847356336589,18.081567296929745,17.530184152854982,17.67278289794922,2180200
2025-10-15,17.853408938961532,18.08726993798903,17.729822030191425,17.91044807434082,1480400
2025-10-16,17.938966681533106,18.509361602441135,17.872418915068685,18.38577651977539,3278700
2025-10-17,18.87061452502695,19.032226910282265,18.537882930296444,18.699495315551758,3072500
2025-10-20,17.95797858549239,18.10533163480175,17.777354372683646,17.938966751098633,2323500
2025-10-21,18.281204802978877,18.366764410931278,17.41610371211917,17.76784896850586,3884800
2025-10-22,18.366764195914385,18.49035110072832,18.20990612533222,18.423803329467773,3742400
2025-10-23,18.205152021310862,18.271697980115327,17.815381279820656,18.00551414489746,1745800
2025-10-24,17.843900344583883,18.10057914819756,17.83439352075657,17.967485427856445,1448400
2025-10-27,17.216466918161426,17.330545193776057,17.115696021901726,17.244985580444336,2425000
2025-10-28,17.244984960980936,17.482650142089238,17.0776699209908,17.463638305664062,1729900
2025-10-29,17.463635746887764,18.138603891982942,17.463635746887764,17.919952392578125,2532300
2025-10-30,18.30972306433167,18.642454631359964,18.28120259404656,18.604427337646484,2408800
2025-10-31,18.03403222297026,18.250783464568745,17.834394353004285,18.04353904724121,2794800
2025-11-03,18.41760398380654,18.788810917701475,18.303385488139654,18.57941246032715,2974400
2025-11-04,19.093389902879505,19.816768820259593,18.893509817843032,19.607370376586914,6204200
2025-11-05,19.236162530082755,19.338960081872173,18.85734164244341,18.99820899963379,2394200
2025-11-06,19.179053198829468,19.64544187652687,19.169534840250996,19.531225204467773,2841100
2025-11-07,19.68351713909867,19.83580725961676,18.960138158917005,18.988693237304688,2907800
2025-11-10,18.541338335475245,18.842111578225495,18.531819976569317,18.588930130004883,2547200
2025-11-11,18.84592030958671,19.183815728094775,18.82688540544774,19.160018920898438,1766000
2025-11-12,18.78880976781947,19.53883936637931,18.760254691789978,19.39797019958496,3167700
2025-11-13,19.236164005364866,20.116593224813762,19.051513634639917,20.092798233032227,5059600
2025-11-14,20.6353307035593,20.887560867980998,20.207013617332475,20.8352108001709,5130200
2025-11-17,20.89232106174085,21.53479487891308,20.486847672409677,21.377744674682617,5256400
2025-11-18,21.415815674856805,21.59475645107208,20.93039030170711,21.1778621673584,4024400
2025-11-19,21.55858938610533,22.158233296438667,21.268285789961244,21.929798126220703,4109200
2025-11-20,21.47292525725209,22.795948070393578,21.425335279160933,22.691247940063477,5584300
2025-11-21,23.40510975352358,23.766798326471925,22.895889335910812,23.167156219482422,4939600
2025-11-24,22.8149837300248,23.02438399763895,21.90124304915295,21.929798126220703,2432800
2025-11-25,22.443777661583688,22.691249559287904,22.177269045108048,22.35811424255371,1302400
2025-11-26,22.391427542852753,22.54467076854782,21.577626879320455,21.710880279541016,1569400
2025-11-28,20.958948743438132,21.639496029455852,20.939912024073926,21.520519256591797,1977700
2025-12-01,22.59601734099217,23.17711282027237,22.500757335902673,22.786540985107422,2952200
2025-12-02,21.948239835208685,22.010158471982983,20.9575198432035,21.309988021850586,4988100
2025-12-03,20.957522648459005,21.148046308414127,20.700316252610076,20.862260818481445,2420200
2025-12-04,20.90989037267466,21.333803562252246,20.805102189374825,20.9670467376709,1922200
2025-12-05,21.443355142030686,21.967292452035817,21.20996376253898,21.7005615234375,1959800
2025-12-08,21.195675456818062,21.648167768166246,21.11946635931497,21.376672744750977,1648100
2025-12-09,21.47193315943625,21.538615888247104,20.43453522988425,20.81462860107422,3582100
2025-12-10,21.08135969090392,21.162332874393464,20.500266037191185,20.947994232177734,2915900
2025-12-11,21.481458464551967,21.691034839034405,21.109939352650407,21.128992080688477,3530800
2025-12-12,21.03373045269899,21.662455948045764,20.909891353238397,21.48145866394043,2564200
2025-12-15,21.671982027731577,22.719858445213326,21.56719384089296,22.54838752746582,4782400
2025-12-16,22.253077897045305,22.28737135440111,21.9291887839092,22.072080612182617,2375400
2025-12-17,22.06255430226411,22.662702526243045,21.37762452601156,22.510282516479492,4253800
2025-12-18,21.8244019374132,22.900857531673662,21.614827364188326,22.853225708007812,4128200
2025-12-19,21.957764826795856,22.262603011493574,21.571957093811555,21.948240280151367,2435800
2025-12-22,21.462408115550286,22.00539816007824,21.348093561296306,21.900609970092773,1412600
2025-12-23,22.081606976329933,22.32928699325567,21.900609691467245,22.072080612182617,1058200
2025-12-24,22.198054339985113,22.398465820750403,22.073988529758044,22.159879684448242,660500
2025-12-26,21.74951271436113,22.369836294862708,21.711338059429227,22.102619171142578,1339200
2025-12-29,22.121706578903137,22.253406590521408,21.969011599156754,22.207597732543945,1384300
2025-12-30,21.959467286862864,22.04535843796706,21.606359018960323,22.016727447509766,3252500
2025-12-31,21.759055255332783,22.226685691900265,21.74951341156167,22.112163543701172,2767100
2026-01-02,21.768597768997804,21.88311991114491,21.21507802586681,21.54909896850586,4220200
2026-01-05,20.83334122809349,20.934502608464445,20.33708163060302,20.489776611328125,2917500
2026-01-06,20.480233654353825,21.176906575758306,20.470691810463464,20.890602111816406,3166200
2026-01-07,21.129188123749557,21.32960142929105,20.995580466900435,21.253253936767578,1730200
2026-01-08,21.59681624507932,21.665529532846616,21.133960378693985,21.272340774536133,1318100
2026-01-09,21.358228549357406,21.539554509280432,21.005122112960997,21.4345760345459,1287300
2026-01-12,21.458437367310655,21.48229561653799,20.928775861232243,21.138731002807617,1380600
2026-01-13,20.928775686997636,20.995579512385117,20.413428770692402,20.43251609802246,2155400
2026-01-14,20.189159089803653,20.251190173360875,19.697670421448624,19.754932403564453,2742800
2026-01-15,19.936255385503248,20.279819977011194,19.878995227007795,20.260732650756836,1946200
2026-01-16,20.165297485612875,20.470689239516485,20.13666831700174,20.203472137451172,1468800
2026-01-20,21.20553331461636,21.563412488276,21.10055666145817,21.4822940826416,2622600
2026-01-21,21.47275260784051,22.035816044067527,21.248481053672926,21.329601287841797,3401700
2026-01-22,21.48229563224774,21.759054599969136,21.396404478752338,21.530012130737305,1503900
2026-01-23,21.482294303485308,21.739967748033425,21.091013215216364,21.51092529296875,1811800
2026-01-26,21.96901081767499,22.10261846513345,21.67316271220601,21.98809814453125,1922500
2026-01-27,21.8163165824779,22.0663540198023,21.50138295975066,21.530012130737305,1330900
2026-01-28,21.38685997576283,21.663620752891642,21.254206149278133,21.59681510925293,1242600
2026-01-29,21.959467549066623,23.02833238848727,21.921292894667747,22.82792091369629,3296700
2026-01-30,23.171484665568844,23.44824361865813,22.694312424830116,22.894723892211914,2991700
2026-02-02,24.445795086755037,24.60051515706796,24.0976740063466,24.484474182128906,4030800
2026-02-03,24.358765617046174,26.089697152201126,24.358765617046174,24.996986389160156,4216500
2026-02-04,25.383786247151995,26.43781789982453,25.24357060427153,26.03167724609375,4098600
2026-02-05,27.182408930102074,29.914186676540893,26.882637179311484,29.416181564331055,11169600
2026-02-06,27.85930997736759,27.87865044813664,25.8092680304774,26.486167907714844,6623300
2026-02-09,26.8923081928949,27.095379444290927,26.060688250040617,26.215408325195312,2150500
2026-02-10,26.824617616712214,27.293613868474917,26.495837005391166,26.950328826904297,2699000
2026-02-11,27.240429245358456,28.162949029349377,27.16790340330426,27.43383026123047,3289200
2026-02-12,27.269439426372468,28.43951020109942,27.153398450200243,28.323471069335938,2764900
2026-02-13,27.50151916550434,27.714258800490317,26.56352666688312,26.863298416137695,3068900
2026-02-17,27.192079620131835,27.74327011168708,27.10021330860012,27.27910804748535,2429100
2026-02-18,27.559538409728905,28.05270931838994,27.037356796649448,27.88831901550293,2492500
2026-02-19,28.03337018973708,28.159081403821542,27.482179690282027,27.530529022216797,1542200
2026-02-20,27.559539351294436,27.752940365207376,27.134058227331227,27.259769439697266,2165500
2026-02-23,27.92699917994577,28.835980998042153,27.87864984847194,28.59423065185547,2492900
2026-02-24,29.261462100843076,29.338822137785865,28.478191496246257,28.58456039428711,1887100
2026-02-25,27.656240613812884,27.820630926807357,26.3507883452578,26.505508422851562,3998400
2026-02-26,26.90197800196818,27.540198762972942,26.863298905996643,27.182409286499023,2192500
2026-02-27,27.714258505704585,28.130069380743706,27.636898471586285,27.926998138427734,1906300
2026-03-02,27.950000762939453,27.950000762939453,26.010000228881836,26.440000534057617,3472400
2026-03-03,27.239999771118164,27.579999923706055,26.4950008392334,26.799999237060547,2924100
2026-03-04,25.420000076293945,25.56999969482422,24.510000228881836,24.8799991607666,4408500
2026-03-05,25.059999465942383,25.729999542236328,24.979999542236328,25.510000228881836,2227200
2026-03-06,26.350000381469727,26.799999237060547,26.31999969482422,26.65999984741211,1920800
2026-03-09,26.415000915527344,26.6299991607666,26.1200008392334,26.31999969482422,1942500
2026-03-10,25.610000610351562,26.21500015258789,25.239999771118164,25.93000030517578,1575900
2026-03-11,25.850000381469727,26.049999237060547,25.434999465942383,25.700000762939453,1687000
2026-03-12,25.899999618530273,26.200000762939453,25.690000534057617,25.760000228881836,1844800
2026-03-13,24.829999923706055,25.635000228881836,24.469999313354492,25.520000457763672,2430500
2026-03-16,24.540000915527344,24.895000457763672,24.31100082397461,24.530000686645508,2196100
2026-03-17,24.6200008392334,24.719999313354492,24.209999084472656,24.350000381469727,1369600
2026-03-18,25.040000915527344,25.55500030517578,25.010000228881836,25.479999542236328,2453000
2026-03-19,26.1200008392334,26.31999969482422,25.649999618530273,25.770000457763672,2069806
